XV13948573;Mysterium;jeu d'enquête coopératif;jeu;30,21
VT66556555;The Witcher 3;Incarnez un tueur de monstres et vivez son épopée !;jeu vidéo;32,12
GF55556566;Wonder Woman DVD;L’adaptation cinéma du DC Comics;film;16,55
KJ46321156;Blabla;jeu d'enquête coopératif;jeu;29,5
DQ78421596;Toto;Incarnez un tueur de monstres et vivez son épopée !;jeu vidéo;9,99
CF45126984;Donald DVD;Le dessin animé;dessin animé;12,99
TH46813492;Call Of Duty;Le jeu de guerre le plus connu;jeu vidéo;59,99
TJ49756832;Monopoly;Jeu de société de gestion;jeu de société;24,5
RD75694236;Hello;L’adaptation cinéma du DC Comics;film;21,99
PO84569125;ouloulou;Le dessin animé;dessin animé;12,99
JF85321475;Coucou;jeu d'enquête coopératif;jeu;45,5
FC78963254;Hit Music;Album de tout les Hit du moment;musique;14,5
GD78965423;Holla;Jeu éducatif;jeu;10,99
HV75963124;azerty;Livre d'informatique;Livre;14,5
YU75894215;La chocolatine;Livre sur le duel chocolatine VS Pain au chocolat;Livre;18,99
OP58961247;Marabou, bout de ficelle;Jeu éducatif;jeu;15
